"","ASPAN","rygr"
"scale",0.0571773681882795,1.13267360886416
"center",0.437242318168732,3.51282938827333
