"","DIM3","DIM4"
"1",-4.6747915128196,-4.15713919656631
"2",-5.7478141942863,-2.99238679079245
"3",-2.59900752040236,-4.13851511784269
