"","DIM1","DIM2"
"1",-9.12020890327499,5.78557326862283
"2",-10.6382725029676,4.83331988869406
"3",-5.31718717534065,3.74895119479444
