"","ASPAN","rygr"
"ASPAN",-0.707106781186547,-0.707106781186547
"rygr",0.707106781186547,-0.707106781186547
